category,title,description,resource,region,statusWord,message,compliance
S3,CloudTrail Bucket Access Logging,Ensures CloudTrail logging bucket has access logging enabled to detect tampering of log files,N/A,us-east-1,OK,No S3 buckets to check,CIS1: 2.6 Ensure CloudTrail bucket access logging is enabled
S3,CloudTrail Bucket Access Logging,Ensures CloudTrail logging bucket has access logging enabled to detect tampering of log files,N/A,us-east-2,OK,No S3 buckets to check,CIS1: 2.6 Ensure CloudTrail bucket access logging is enabled
S3,CloudTrail Bucket Access Logging,Ensures CloudTrail logging bucket has access logging enabled to detect tampering of log files,N/A,us-west-1,OK,No S3 buckets to check,CIS1: 2.6 Ensure CloudTrail bucket access logging is enabled
S3,CloudTrail Bucket Access Logging,Ensures CloudTrail logging bucket has access logging enabled to detect tampering of log files,N/A,us-west-2,OK,No S3 buckets to check,CIS1: 2.6 Ensure CloudTrail bucket access logging is enabled
S3,CloudTrail Bucket Access Logging,Ensures CloudTrail logging bucket has access logging enabled to detect tampering of log files,N/A,ap-south-1,OK,No S3 buckets to check,CIS1: 2.6 Ensure CloudTrail bucket access logging is enabled
S3,CloudTrail Bucket Access Logging,Ensures CloudTrail logging bucket has access logging enabled to detect tampering of log files,N/A,ap-northeast-3,OK,No S3 buckets to check,CIS1: 2.6 Ensure CloudTrail bucket access logging is enabled
S3,CloudTrail Bucket Access Logging,Ensures CloudTrail logging bucket has access logging enabled to detect tampering of log files,N/A,ca-central-1,OK,No S3 buckets to check,CIS1: 2.6 Ensure CloudTrail bucket access logging is enabled
S3,CloudTrail Bucket Access Logging,Ensures CloudTrail logging bucket has access logging enabled to detect tampering of log files,N/A,eu-central-1,OK,No S3 buckets to check,CIS1: 2.6 Ensure CloudTrail bucket access logging is enabled
S3,CloudTrail Bucket Access Logging,Ensures CloudTrail logging bucket has access logging enabled to detect tampering of log files,N/A,eu-west-1,OK,No S3 buckets to check,CIS1: 2.6 Ensure CloudTrail bucket access logging is enabled
S3,CloudTrail Bucket Access Logging,Ensures CloudTrail logging bucket has access logging enabled to detect tampering of log files,N/A,eu-west-2,OK,No S3 buckets to check,CIS1: 2.6 Ensure CloudTrail bucket access logging is enabled
S3,CloudTrail Bucket Access Logging,Ensures CloudTrail logging bucket has access logging enabled to detect tampering of log files,N/A,eu-west-3,OK,No S3 buckets to check,CIS1: 2.6 Ensure CloudTrail bucket access logging is enabled
S3,CloudTrail Bucket Access Logging,Ensures CloudTrail logging bucket has access logging enabled to detect tampering of log files,N/A,eu-north-1,OK,No S3 buckets to check,CIS1: 2.6 Ensure CloudTrail bucket access logging is enabled
S3,CloudTrail Bucket Access Logging,Ensures CloudTrail logging bucket has access logging enabled to detect tampering of log files,N/A,ap-northeast-1,OK,No S3 buckets to check,CIS1: 2.6 Ensure CloudTrail bucket access logging is enabled
S3,CloudTrail Bucket Access Logging,Ensures CloudTrail logging bucket has access logging enabled to detect tampering of log files,N/A,ap-northeast-2,OK,No S3 buckets to check,CIS1: 2.6 Ensure CloudTrail bucket access logging is enabled
S3,CloudTrail Bucket Access Logging,Ensures CloudTrail logging bucket has access logging enabled to detect tampering of log files,N/A,ap-southeast-1,OK,No S3 buckets to check,CIS1: 2.6 Ensure CloudTrail bucket access logging is enabled
S3,CloudTrail Bucket Access Logging,Ensures CloudTrail logging bucket has access logging enabled to detect tampering of log files,N/A,ap-southeast-2,OK,No S3 buckets to check,CIS1: 2.6 Ensure CloudTrail bucket access logging is enabled
S3,CloudTrail Bucket Access Logging,Ensures CloudTrail logging bucket has access logging enabled to detect tampering of log files,N/A,sa-east-1,OK,No S3 buckets to check,CIS1: 2.6 Ensure CloudTrail bucket access logging is enabled
CloudTrail,CloudTrail Enabled,Ensures CloudTrail is enabled for all regions within an account,N/A,us-east-1,FAIL,CloudTrail is not enabled,CIS1: 2.1 Ensure CloudTrail is enabled in all regions
CloudTrail,CloudTrail Enabled,Ensures CloudTrail is enabled for all regions within an account,N/A,us-east-2,FAIL,CloudTrail is not enabled,CIS1: 2.1 Ensure CloudTrail is enabled in all regions
CloudTrail,CloudTrail Enabled,Ensures CloudTrail is enabled for all regions within an account,N/A,us-west-1,FAIL,CloudTrail is not enabled,CIS1: 2.1 Ensure CloudTrail is enabled in all regions
CloudTrail,CloudTrail Enabled,Ensures CloudTrail is enabled for all regions within an account,N/A,us-west-2,FAIL,CloudTrail is not enabled,CIS1: 2.1 Ensure CloudTrail is enabled in all regions
CloudTrail,CloudTrail Enabled,Ensures CloudTrail is enabled for all regions within an account,N/A,ap-south-1,FAIL,CloudTrail is not enabled,CIS1: 2.1 Ensure CloudTrail is enabled in all regions
CloudTrail,CloudTrail Enabled,Ensures CloudTrail is enabled for all regions within an account,N/A,ap-northeast-3,FAIL,CloudTrail is not enabled,CIS1: 2.1 Ensure CloudTrail is enabled in all regions
CloudTrail,CloudTrail Enabled,Ensures CloudTrail is enabled for all regions within an account,N/A,ca-central-1,FAIL,CloudTrail is not enabled,CIS1: 2.1 Ensure CloudTrail is enabled in all regions
CloudTrail,CloudTrail Enabled,Ensures CloudTrail is enabled for all regions within an account,N/A,eu-central-1,FAIL,CloudTrail is not enabled,CIS1: 2.1 Ensure CloudTrail is enabled in all regions
CloudTrail,CloudTrail Enabled,Ensures CloudTrail is enabled for all regions within an account,N/A,eu-west-1,FAIL,CloudTrail is not enabled,CIS1: 2.1 Ensure CloudTrail is enabled in all regions
CloudTrail,CloudTrail Enabled,Ensures CloudTrail is enabled for all regions within an account,N/A,eu-west-2,FAIL,CloudTrail is not enabled,CIS1: 2.1 Ensure CloudTrail is enabled in all regions
CloudTrail,CloudTrail Enabled,Ensures CloudTrail is enabled for all regions within an account,N/A,eu-west-3,FAIL,CloudTrail is not enabled,CIS1: 2.1 Ensure CloudTrail is enabled in all regions
CloudTrail,CloudTrail Enabled,Ensures CloudTrail is enabled for all regions within an account,N/A,eu-north-1,FAIL,CloudTrail is not enabled,CIS1: 2.1 Ensure CloudTrail is enabled in all regions
CloudTrail,CloudTrail Enabled,Ensures CloudTrail is enabled for all regions within an account,N/A,ap-northeast-1,FAIL,CloudTrail is not enabled,CIS1: 2.1 Ensure CloudTrail is enabled in all regions
CloudTrail,CloudTrail Enabled,Ensures CloudTrail is enabled for all regions within an account,N/A,ap-northeast-2,FAIL,CloudTrail is not enabled,CIS1: 2.1 Ensure CloudTrail is enabled in all regions
CloudTrail,CloudTrail Enabled,Ensures CloudTrail is enabled for all regions within an account,N/A,ap-southeast-1,FAIL,CloudTrail is not enabled,CIS1: 2.1 Ensure CloudTrail is enabled in all regions
CloudTrail,CloudTrail Enabled,Ensures CloudTrail is enabled for all regions within an account,N/A,ap-southeast-2,FAIL,CloudTrail is not enabled,CIS1: 2.1 Ensure CloudTrail is enabled in all regions
CloudTrail,CloudTrail Enabled,Ensures CloudTrail is enabled for all regions within an account,N/A,sa-east-1,FAIL,CloudTrail is not enabled,CIS1: 2.1 Ensure CloudTrail is enabled in all regions
CloudTrail,CloudTrail Enabled,Ensures CloudTrail is enabled for all regions within an account,N/A,global,FAIL,CloudTrail is not configured to monitor global services,CIS1: 2.1 Ensure CloudTrail is enabled in all regions
CloudTrail,CloudTrail Encryption,Ensures CloudTrail encryption at rest is enabled for logs,N/A,us-east-1,FAIL,CloudTrail is not enabled,CIS2: 2.7 Ensure CloudTrail logs are encrypted at rest using KMS CMKs
CloudTrail,CloudTrail Encryption,Ensures CloudTrail encryption at rest is enabled for logs,N/A,us-east-2,FAIL,CloudTrail is not enabled,CIS2: 2.7 Ensure CloudTrail logs are encrypted at rest using KMS CMKs
CloudTrail,CloudTrail Encryption,Ensures CloudTrail encryption at rest is enabled for logs,N/A,us-west-1,FAIL,CloudTrail is not enabled,CIS2: 2.7 Ensure CloudTrail logs are encrypted at rest using KMS CMKs
CloudTrail,CloudTrail Encryption,Ensures CloudTrail encryption at rest is enabled for logs,N/A,us-west-2,FAIL,CloudTrail is not enabled,CIS2: 2.7 Ensure CloudTrail logs are encrypted at rest using KMS CMKs
CloudTrail,CloudTrail Encryption,Ensures CloudTrail encryption at rest is enabled for logs,N/A,ap-south-1,FAIL,CloudTrail is not enabled,CIS2: 2.7 Ensure CloudTrail logs are encrypted at rest using KMS CMKs
CloudTrail,CloudTrail Encryption,Ensures CloudTrail encryption at rest is enabled for logs,N/A,ap-northeast-3,FAIL,CloudTrail is not enabled,CIS2: 2.7 Ensure CloudTrail logs are encrypted at rest using KMS CMKs
CloudTrail,CloudTrail Encryption,Ensures CloudTrail encryption at rest is enabled for logs,N/A,ca-central-1,FAIL,CloudTrail is not enabled,CIS2: 2.7 Ensure CloudTrail logs are encrypted at rest using KMS CMKs
CloudTrail,CloudTrail Encryption,Ensures CloudTrail encryption at rest is enabled for logs,N/A,eu-central-1,FAIL,CloudTrail is not enabled,CIS2: 2.7 Ensure CloudTrail logs are encrypted at rest using KMS CMKs
CloudTrail,CloudTrail Encryption,Ensures CloudTrail encryption at rest is enabled for logs,N/A,eu-west-1,FAIL,CloudTrail is not enabled,CIS2: 2.7 Ensure CloudTrail logs are encrypted at rest using KMS CMKs
CloudTrail,CloudTrail Encryption,Ensures CloudTrail encryption at rest is enabled for logs,N/A,eu-west-2,FAIL,CloudTrail is not enabled,CIS2: 2.7 Ensure CloudTrail logs are encrypted at rest using KMS CMKs
CloudTrail,CloudTrail Encryption,Ensures CloudTrail encryption at rest is enabled for logs,N/A,eu-west-3,FAIL,CloudTrail is not enabled,CIS2: 2.7 Ensure CloudTrail logs are encrypted at rest using KMS CMKs
CloudTrail,CloudTrail Encryption,Ensures CloudTrail encryption at rest is enabled for logs,N/A,eu-north-1,FAIL,CloudTrail is not enabled,CIS2: 2.7 Ensure CloudTrail logs are encrypted at rest using KMS CMKs
CloudTrail,CloudTrail Encryption,Ensures CloudTrail encryption at rest is enabled for logs,N/A,ap-northeast-1,FAIL,CloudTrail is not enabled,CIS2: 2.7 Ensure CloudTrail logs are encrypted at rest using KMS CMKs
CloudTrail,CloudTrail Encryption,Ensures CloudTrail encryption at rest is enabled for logs,N/A,ap-northeast-2,FAIL,CloudTrail is not enabled,CIS2: 2.7 Ensure CloudTrail logs are encrypted at rest using KMS CMKs
CloudTrail,CloudTrail Encryption,Ensures CloudTrail encryption at rest is enabled for logs,N/A,ap-southeast-1,FAIL,CloudTrail is not enabled,CIS2: 2.7 Ensure CloudTrail logs are encrypted at rest using KMS CMKs
CloudTrail,CloudTrail Encryption,Ensures CloudTrail encryption at rest is enabled for logs,N/A,ap-southeast-2,FAIL,CloudTrail is not enabled,CIS2: 2.7 Ensure CloudTrail logs are encrypted at rest using KMS CMKs
CloudTrail,CloudTrail Encryption,Ensures CloudTrail encryption at rest is enabled for logs,N/A,sa-east-1,FAIL,CloudTrail is not enabled,CIS2: 2.7 Ensure CloudTrail logs are encrypted at rest using KMS CMKs
CloudTrail,CloudTrail File Validation,Ensures CloudTrail file validation is enabled for all regions within an account,N/A,us-east-1,FAIL,CloudTrail is not enabled,CIS2: 2.2 Ensure CloudTrail log file validation is enabled
CloudTrail,CloudTrail File Validation,Ensures CloudTrail file validation is enabled for all regions within an account,N/A,us-east-2,FAIL,CloudTrail is not enabled,CIS2: 2.2 Ensure CloudTrail log file validation is enabled
CloudTrail,CloudTrail File Validation,Ensures CloudTrail file validation is enabled for all regions within an account,N/A,us-west-1,FAIL,CloudTrail is not enabled,CIS2: 2.2 Ensure CloudTrail log file validation is enabled
CloudTrail,CloudTrail File Validation,Ensures CloudTrail file validation is enabled for all regions within an account,N/A,us-west-2,FAIL,CloudTrail is not enabled,CIS2: 2.2 Ensure CloudTrail log file validation is enabled
CloudTrail,CloudTrail File Validation,Ensures CloudTrail file validation is enabled for all regions within an account,N/A,ap-south-1,FAIL,CloudTrail is not enabled,CIS2: 2.2 Ensure CloudTrail log file validation is enabled
CloudTrail,CloudTrail File Validation,Ensures CloudTrail file validation is enabled for all regions within an account,N/A,ap-northeast-3,FAIL,CloudTrail is not enabled,CIS2: 2.2 Ensure CloudTrail log file validation is enabled
CloudTrail,CloudTrail File Validation,Ensures CloudTrail file validation is enabled for all regions within an account,N/A,ca-central-1,FAIL,CloudTrail is not enabled,CIS2: 2.2 Ensure CloudTrail log file validation is enabled
CloudTrail,CloudTrail File Validation,Ensures CloudTrail file validation is enabled for all regions within an account,N/A,eu-central-1,FAIL,CloudTrail is not enabled,CIS2: 2.2 Ensure CloudTrail log file validation is enabled
CloudTrail,CloudTrail File Validation,Ensures CloudTrail file validation is enabled for all regions within an account,N/A,eu-west-1,FAIL,CloudTrail is not enabled,CIS2: 2.2 Ensure CloudTrail log file validation is enabled
CloudTrail,CloudTrail File Validation,Ensures CloudTrail file validation is enabled for all regions within an account,N/A,eu-west-2,FAIL,CloudTrail is not enabled,CIS2: 2.2 Ensure CloudTrail log file validation is enabled
CloudTrail,CloudTrail File Validation,Ensures CloudTrail file validation is enabled for all regions within an account,N/A,eu-west-3,FAIL,CloudTrail is not enabled,CIS2: 2.2 Ensure CloudTrail log file validation is enabled
CloudTrail,CloudTrail File Validation,Ensures CloudTrail file validation is enabled for all regions within an account,N/A,eu-north-1,FAIL,CloudTrail is not enabled,CIS2: 2.2 Ensure CloudTrail log file validation is enabled
CloudTrail,CloudTrail File Validation,Ensures CloudTrail file validation is enabled for all regions within an account,N/A,ap-northeast-1,FAIL,CloudTrail is not enabled,CIS2: 2.2 Ensure CloudTrail log file validation is enabled
CloudTrail,CloudTrail File Validation,Ensures CloudTrail file validation is enabled for all regions within an account,N/A,ap-northeast-2,FAIL,CloudTrail is not enabled,CIS2: 2.2 Ensure CloudTrail log file validation is enabled
CloudTrail,CloudTrail File Validation,Ensures CloudTrail file validation is enabled for all regions within an account,N/A,ap-southeast-1,FAIL,CloudTrail is not enabled,CIS2: 2.2 Ensure CloudTrail log file validation is enabled
CloudTrail,CloudTrail File Validation,Ensures CloudTrail file validation is enabled for all regions within an account,N/A,ap-southeast-2,FAIL,CloudTrail is not enabled,CIS2: 2.2 Ensure CloudTrail log file validation is enabled
CloudTrail,CloudTrail File Validation,Ensures CloudTrail file validation is enabled for all regions within an account,N/A,sa-east-1,FAIL,CloudTrail is not enabled,CIS2: 2.2 Ensure CloudTrail log file validation is enabled
CloudTrail,CloudTrail To CloudWatch,Ensures CloudTrail logs are being properly delivered to CloudWatch,N/A,us-east-1,FAIL,CloudTrail is not enabled,CIS1: 2.4 Ensure CloudTrail trails are integrated with CloudWatch Logs
CloudTrail,CloudTrail To CloudWatch,Ensures CloudTrail logs are being properly delivered to CloudWatch,N/A,us-east-2,FAIL,CloudTrail is not enabled,CIS1: 2.4 Ensure CloudTrail trails are integrated with CloudWatch Logs
CloudTrail,CloudTrail To CloudWatch,Ensures CloudTrail logs are being properly delivered to CloudWatch,N/A,us-west-1,FAIL,CloudTrail is not enabled,CIS1: 2.4 Ensure CloudTrail trails are integrated with CloudWatch Logs
CloudTrail,CloudTrail To CloudWatch,Ensures CloudTrail logs are being properly delivered to CloudWatch,N/A,us-west-2,FAIL,CloudTrail is not enabled,CIS1: 2.4 Ensure CloudTrail trails are integrated with CloudWatch Logs
CloudTrail,CloudTrail To CloudWatch,Ensures CloudTrail logs are being properly delivered to CloudWatch,N/A,ap-south-1,FAIL,CloudTrail is not enabled,CIS1: 2.4 Ensure CloudTrail trails are integrated with CloudWatch Logs
CloudTrail,CloudTrail To CloudWatch,Ensures CloudTrail logs are being properly delivered to CloudWatch,N/A,ap-northeast-3,FAIL,CloudTrail is not enabled,CIS1: 2.4 Ensure CloudTrail trails are integrated with CloudWatch Logs
CloudTrail,CloudTrail To CloudWatch,Ensures CloudTrail logs are being properly delivered to CloudWatch,N/A,ca-central-1,FAIL,CloudTrail is not enabled,CIS1: 2.4 Ensure CloudTrail trails are integrated with CloudWatch Logs
CloudTrail,CloudTrail To CloudWatch,Ensures CloudTrail logs are being properly delivered to CloudWatch,N/A,eu-central-1,FAIL,CloudTrail is not enabled,CIS1: 2.4 Ensure CloudTrail trails are integrated with CloudWatch Logs
CloudTrail,CloudTrail To CloudWatch,Ensures CloudTrail logs are being properly delivered to CloudWatch,N/A,eu-west-1,FAIL,CloudTrail is not enabled,CIS1: 2.4 Ensure CloudTrail trails are integrated with CloudWatch Logs
CloudTrail,CloudTrail To CloudWatch,Ensures CloudTrail logs are being properly delivered to CloudWatch,N/A,eu-west-2,FAIL,CloudTrail is not enabled,CIS1: 2.4 Ensure CloudTrail trails are integrated with CloudWatch Logs
CloudTrail,CloudTrail To CloudWatch,Ensures CloudTrail logs are being properly delivered to CloudWatch,N/A,eu-west-3,FAIL,CloudTrail is not enabled,CIS1: 2.4 Ensure CloudTrail trails are integrated with CloudWatch Logs
CloudTrail,CloudTrail To CloudWatch,Ensures CloudTrail logs are being properly delivered to CloudWatch,N/A,eu-north-1,FAIL,CloudTrail is not enabled,CIS1: 2.4 Ensure CloudTrail trails are integrated with CloudWatch Logs
CloudTrail,CloudTrail To CloudWatch,Ensures CloudTrail logs are being properly delivered to CloudWatch,N/A,ap-northeast-1,FAIL,CloudTrail is not enabled,CIS1: 2.4 Ensure CloudTrail trails are integrated with CloudWatch Logs
CloudTrail,CloudTrail To CloudWatch,Ensures CloudTrail logs are being properly delivered to CloudWatch,N/A,ap-northeast-2,FAIL,CloudTrail is not enabled,CIS1: 2.4 Ensure CloudTrail trails are integrated with CloudWatch Logs
CloudTrail,CloudTrail To CloudWatch,Ensures CloudTrail logs are being properly delivered to CloudWatch,N/A,ap-southeast-1,FAIL,CloudTrail is not enabled,CIS1: 2.4 Ensure CloudTrail trails are integrated with CloudWatch Logs
CloudTrail,CloudTrail To CloudWatch,Ensures CloudTrail logs are being properly delivered to CloudWatch,N/A,ap-southeast-2,FAIL,CloudTrail is not enabled,CIS1: 2.4 Ensure CloudTrail trails are integrated with CloudWatch Logs
CloudTrail,CloudTrail To CloudWatch,Ensures CloudTrail logs are being properly delivered to CloudWatch,N/A,sa-east-1,FAIL,CloudTrail is not enabled,CIS1: 2.4 Ensure CloudTrail trails are integrated with CloudWatch Logs
S3,CloudTrail Bucket Private,Ensures CloudTrail logging bucket is not publicly accessible,N/A,us-east-1,OK,No S3 buckets to check,CIS1: 2.3 Ensure the S3 bucket used to store CloudTrail logs is not publicly accessible
S3,CloudTrail Bucket Private,Ensures CloudTrail logging bucket is not publicly accessible,N/A,us-east-2,OK,No S3 buckets to check,CIS1: 2.3 Ensure the S3 bucket used to store CloudTrail logs is not publicly accessible
S3,CloudTrail Bucket Private,Ensures CloudTrail logging bucket is not publicly accessible,N/A,us-west-1,OK,No S3 buckets to check,CIS1: 2.3 Ensure the S3 bucket used to store CloudTrail logs is not publicly accessible
S3,CloudTrail Bucket Private,Ensures CloudTrail logging bucket is not publicly accessible,N/A,us-west-2,OK,No S3 buckets to check,CIS1: 2.3 Ensure the S3 bucket used to store CloudTrail logs is not publicly accessible
S3,CloudTrail Bucket Private,Ensures CloudTrail logging bucket is not publicly accessible,N/A,ap-south-1,OK,No S3 buckets to check,CIS1: 2.3 Ensure the S3 bucket used to store CloudTrail logs is not publicly accessible
S3,CloudTrail Bucket Private,Ensures CloudTrail logging bucket is not publicly accessible,N/A,ap-northeast-3,OK,No S3 buckets to check,CIS1: 2.3 Ensure the S3 bucket used to store CloudTrail logs is not publicly accessible
S3,CloudTrail Bucket Private,Ensures CloudTrail logging bucket is not publicly accessible,N/A,ca-central-1,OK,No S3 buckets to check,CIS1: 2.3 Ensure the S3 bucket used to store CloudTrail logs is not publicly accessible
S3,CloudTrail Bucket Private,Ensures CloudTrail logging bucket is not publicly accessible,N/A,eu-central-1,OK,No S3 buckets to check,CIS1: 2.3 Ensure the S3 bucket used to store CloudTrail logs is not publicly accessible
S3,CloudTrail Bucket Private,Ensures CloudTrail logging bucket is not publicly accessible,N/A,eu-west-1,OK,No S3 buckets to check,CIS1: 2.3 Ensure the S3 bucket used to store CloudTrail logs is not publicly accessible
S3,CloudTrail Bucket Private,Ensures CloudTrail logging bucket is not publicly accessible,N/A,eu-west-2,OK,No S3 buckets to check,CIS1: 2.3 Ensure the S3 bucket used to store CloudTrail logs is not publicly accessible
S3,CloudTrail Bucket Private,Ensures CloudTrail logging bucket is not publicly accessible,N/A,eu-west-3,OK,No S3 buckets to check,CIS1: 2.3 Ensure the S3 bucket used to store CloudTrail logs is not publicly accessible
S3,CloudTrail Bucket Private,Ensures CloudTrail logging bucket is not publicly accessible,N/A,eu-north-1,OK,No S3 buckets to check,CIS1: 2.3 Ensure the S3 bucket used to store CloudTrail logs is not publicly accessible
S3,CloudTrail Bucket Private,Ensures CloudTrail logging bucket is not publicly accessible,N/A,ap-northeast-1,OK,No S3 buckets to check,CIS1: 2.3 Ensure the S3 bucket used to store CloudTrail logs is not publicly accessible
S3,CloudTrail Bucket Private,Ensures CloudTrail logging bucket is not publicly accessible,N/A,ap-northeast-2,OK,No S3 buckets to check,CIS1: 2.3 Ensure the S3 bucket used to store CloudTrail logs is not publicly accessible
S3,CloudTrail Bucket Private,Ensures CloudTrail logging bucket is not publicly accessible,N/A,ap-southeast-1,OK,No S3 buckets to check,CIS1: 2.3 Ensure the S3 bucket used to store CloudTrail logs is not publicly accessible
S3,CloudTrail Bucket Private,Ensures CloudTrail logging bucket is not publicly accessible,N/A,ap-southeast-2,OK,No S3 buckets to check,CIS1: 2.3 Ensure the S3 bucket used to store CloudTrail logs is not publicly accessible
S3,CloudTrail Bucket Private,Ensures CloudTrail logging bucket is not publicly accessible,N/A,sa-east-1,OK,No S3 buckets to check,CIS1: 2.3 Ensure the S3 bucket used to store CloudTrail logs is not publicly accessible
ConfigService,Config Service Enabled,Ensures the AWS Config Service is enabled to detect changes to account resources,N/A,us-east-1,FAIL,Config Service is not configured,CIS1: 2.5 Ensure AWS Config is enabled in all regions
ConfigService,Config Service Enabled,Ensures the AWS Config Service is enabled to detect changes to account resources,N/A,us-east-2,FAIL,Config Service is not configured,CIS1: 2.5 Ensure AWS Config is enabled in all regions
ConfigService,Config Service Enabled,Ensures the AWS Config Service is enabled to detect changes to account resources,N/A,us-west-1,FAIL,Config Service is not configured,CIS1: 2.5 Ensure AWS Config is enabled in all regions
ConfigService,Config Service Enabled,Ensures the AWS Config Service is enabled to detect changes to account resources,N/A,us-west-2,FAIL,Config Service is not configured,CIS1: 2.5 Ensure AWS Config is enabled in all regions
ConfigService,Config Service Enabled,Ensures the AWS Config Service is enabled to detect changes to account resources,N/A,ap-south-1,FAIL,Config Service is not configured,CIS1: 2.5 Ensure AWS Config is enabled in all regions
ConfigService,Config Service Enabled,Ensures the AWS Config Service is enabled to detect changes to account resources,N/A,ap-northeast-3,FAIL,Config Service is not configured,CIS1: 2.5 Ensure AWS Config is enabled in all regions
ConfigService,Config Service Enabled,Ensures the AWS Config Service is enabled to detect changes to account resources,N/A,ca-central-1,FAIL,Config Service is not configured,CIS1: 2.5 Ensure AWS Config is enabled in all regions
ConfigService,Config Service Enabled,Ensures the AWS Config Service is enabled to detect changes to account resources,N/A,eu-central-1,FAIL,Config Service is not configured,CIS1: 2.5 Ensure AWS Config is enabled in all regions
ConfigService,Config Service Enabled,Ensures the AWS Config Service is enabled to detect changes to account resources,N/A,eu-west-1,FAIL,Config Service is not configured,CIS1: 2.5 Ensure AWS Config is enabled in all regions
ConfigService,Config Service Enabled,Ensures the AWS Config Service is enabled to detect changes to account resources,N/A,eu-west-2,FAIL,Config Service is not configured,CIS1: 2.5 Ensure AWS Config is enabled in all regions
ConfigService,Config Service Enabled,Ensures the AWS Config Service is enabled to detect changes to account resources,N/A,eu-west-3,FAIL,Config Service is not configured,CIS1: 2.5 Ensure AWS Config is enabled in all regions
ConfigService,Config Service Enabled,Ensures the AWS Config Service is enabled to detect changes to account resources,N/A,eu-north-1,FAIL,Config Service is not configured,CIS1: 2.5 Ensure AWS Config is enabled in all regions
ConfigService,Config Service Enabled,Ensures the AWS Config Service is enabled to detect changes to account resources,N/A,ap-northeast-1,FAIL,Config Service is not configured,CIS1: 2.5 Ensure AWS Config is enabled in all regions
ConfigService,Config Service Enabled,Ensures the AWS Config Service is enabled to detect changes to account resources,N/A,ap-northeast-2,FAIL,Config Service is not configured,CIS1: 2.5 Ensure AWS Config is enabled in all regions
ConfigService,Config Service Enabled,Ensures the AWS Config Service is enabled to detect changes to account resources,N/A,ap-southeast-1,FAIL,Config Service is not configured,CIS1: 2.5 Ensure AWS Config is enabled in all regions
ConfigService,Config Service Enabled,Ensures the AWS Config Service is enabled to detect changes to account resources,N/A,ap-southeast-2,FAIL,Config Service is not configured,CIS1: 2.5 Ensure AWS Config is enabled in all regions
ConfigService,Config Service Enabled,Ensures the AWS Config Service is enabled to detect changes to account resources,N/A,sa-east-1,FAIL,Config Service is not configured,CIS1: 2.5 Ensure AWS Config is enabled in all regions
ConfigService,Config Service Enabled,Ensures the AWS Config Service is enabled to detect changes to account resources,N/A,global,FAIL,Config Service is not monitoring global services,CIS1: 2.5 Ensure AWS Config is enabled in all regions
EC2,Open RDP,Determine if TCP port 3389 for RDP is open to the public,arn:aws:ec2:us-east-1:871393296284:security-group/sg-09f1f7a02ed39fe20,us-east-1,OK,Security group: sg-09f1f7a02ed39fe20 (launch-wizard-1) does not have TCP:3389 open to 0.0.0.0/0 or ::0,CIS1: 4.2 Ensure no security groups allow ingress from 0.0.0.0/0 to port 3389
EC2,Open RDP,Determine if TCP port 3389 for RDP is open to the public,arn:aws:ec2:us-east-1:871393296284:security-group/sg-09045137936ed15b2,us-east-1,OK,Security group: sg-09045137936ed15b2 (default) does not have TCP:3389 open to 0.0.0.0/0 or ::0,CIS1: 4.2 Ensure no security groups allow ingress from 0.0.0.0/0 to port 3389
EC2,Open RDP,Determine if TCP port 3389 for RDP is open to the public,arn:aws:ec2:us-east-2:871393296284:security-group/sg-0c5cdceafab1d4a40,us-east-2,OK,Security group: sg-0c5cdceafab1d4a40 (default) does not have TCP:3389 open to 0.0.0.0/0 or ::0,CIS1: 4.2 Ensure no security groups allow ingress from 0.0.0.0/0 to port 3389
EC2,Open RDP,Determine if TCP port 3389 for RDP is open to the public,arn:aws:ec2:us-west-1:871393296284:security-group/sg-023293c9cc54750d8,us-west-1,OK,Security group: sg-023293c9cc54750d8 (default) does not have TCP:3389 open to 0.0.0.0/0 or ::0,CIS1: 4.2 Ensure no security groups allow ingress from 0.0.0.0/0 to port 3389
EC2,Open RDP,Determine if TCP port 3389 for RDP is open to the public,arn:aws:ec2:us-west-2:871393296284:security-group/sg-0d9be84c06adc5f73,us-west-2,OK,Security group: sg-0d9be84c06adc5f73 (default) does not have TCP:3389 open to 0.0.0.0/0 or ::0,CIS1: 4.2 Ensure no security groups allow ingress from 0.0.0.0/0 to port 3389
EC2,Open RDP,Determine if TCP port 3389 for RDP is open to the public,arn:aws:ec2:us-west-2:871393296284:security-group/sg-0f578903685eeaf23,us-west-2,OK,Security group: sg-0f578903685eeaf23 (launch-wizard-1) does not have TCP:3389 open to 0.0.0.0/0 or ::0,CIS1: 4.2 Ensure no security groups allow ingress from 0.0.0.0/0 to port 3389
EC2,Open RDP,Determine if TCP port 3389 for RDP is open to the public,arn:aws:ec2:ap-south-1:871393296284:security-group/sg-0540b83fcdb92fa75,ap-south-1,OK,Security group: sg-0540b83fcdb92fa75 (default) does not have TCP:3389 open to 0.0.0.0/0 or ::0,CIS1: 4.2 Ensure no security groups allow ingress from 0.0.0.0/0 to port 3389
EC2,Open RDP,Determine if TCP port 3389 for RDP is open to the public,arn:aws:ec2:ap-northeast-3:871393296284:security-group/sg-014b2c81f52992677,ap-northeast-3,OK,Security group: sg-014b2c81f52992677 (default) does not have TCP:3389 open to 0.0.0.0/0 or ::0,CIS1: 4.2 Ensure no security groups allow ingress from 0.0.0.0/0 to port 3389
EC2,Open RDP,Determine if TCP port 3389 for RDP is open to the public,arn:aws:ec2:ca-central-1:871393296284:security-group/sg-00329c87de5dc48eb,ca-central-1,OK,Security group: sg-00329c87de5dc48eb (default) does not have TCP:3389 open to 0.0.0.0/0 or ::0,CIS1: 4.2 Ensure no security groups allow ingress from 0.0.0.0/0 to port 3389
EC2,Open RDP,Determine if TCP port 3389 for RDP is open to the public,arn:aws:ec2:eu-central-1:871393296284:security-group/sg-040bdcf220204d9ff,eu-central-1,OK,Security group: sg-040bdcf220204d9ff (default) does not have TCP:3389 open to 0.0.0.0/0 or ::0,CIS1: 4.2 Ensure no security groups allow ingress from 0.0.0.0/0 to port 3389
EC2,Open RDP,Determine if TCP port 3389 for RDP is open to the public,arn:aws:ec2:eu-west-1:871393296284:security-group/sg-00500a329c98461d6,eu-west-1,OK,Security group: sg-00500a329c98461d6 (default) does not have TCP:3389 open to 0.0.0.0/0 or ::0,CIS1: 4.2 Ensure no security groups allow ingress from 0.0.0.0/0 to port 3389
EC2,Open RDP,Determine if TCP port 3389 for RDP is open to the public,arn:aws:ec2:eu-west-2:871393296284:security-group/sg-0a06af0d2fd548eb9,eu-west-2,OK,Security group: sg-0a06af0d2fd548eb9 (default) does not have TCP:3389 open to 0.0.0.0/0 or ::0,CIS1: 4.2 Ensure no security groups allow ingress from 0.0.0.0/0 to port 3389
EC2,Open RDP,Determine if TCP port 3389 for RDP is open to the public,arn:aws:ec2:eu-west-3:871393296284:security-group/sg-0e57d59eb82885f35,eu-west-3,OK,Security group: sg-0e57d59eb82885f35 (default) does not have TCP:3389 open to 0.0.0.0/0 or ::0,CIS1: 4.2 Ensure no security groups allow ingress from 0.0.0.0/0 to port 3389
EC2,Open RDP,Determine if TCP port 3389 for RDP is open to the public,arn:aws:ec2:eu-north-1:871393296284:security-group/sg-0f7dbeba018a17447,eu-north-1,OK,Security group: sg-0f7dbeba018a17447 (default) does not have TCP:3389 open to 0.0.0.0/0 or ::0,CIS1: 4.2 Ensure no security groups allow ingress from 0.0.0.0/0 to port 3389
EC2,Open RDP,Determine if TCP port 3389 for RDP is open to the public,arn:aws:ec2:ap-northeast-1:871393296284:security-group/sg-033918656ba142f43,ap-northeast-1,OK,Security group: sg-033918656ba142f43 (default) does not have TCP:3389 open to 0.0.0.0/0 or ::0,CIS1: 4.2 Ensure no security groups allow ingress from 0.0.0.0/0 to port 3389
EC2,Open RDP,Determine if TCP port 3389 for RDP is open to the public,arn:aws:ec2:ap-northeast-2:871393296284:security-group/sg-0519e1ab3a6dbcb5e,ap-northeast-2,OK,Security group: sg-0519e1ab3a6dbcb5e (default) does not have TCP:3389 open to 0.0.0.0/0 or ::0,CIS1: 4.2 Ensure no security groups allow ingress from 0.0.0.0/0 to port 3389
EC2,Open RDP,Determine if TCP port 3389 for RDP is open to the public,arn:aws:ec2:ap-southeast-1:871393296284:security-group/sg-01fc27a746462e300,ap-southeast-1,OK,Security group: sg-01fc27a746462e300 (default) does not have TCP:3389 open to 0.0.0.0/0 or ::0,CIS1: 4.2 Ensure no security groups allow ingress from 0.0.0.0/0 to port 3389
EC2,Open RDP,Determine if TCP port 3389 for RDP is open to the public,arn:aws:ec2:ap-southeast-2:871393296284:security-group/sg-0167813c243b1a6e5,ap-southeast-2,OK,Security group: sg-0167813c243b1a6e5 (default) does not have TCP:3389 open to 0.0.0.0/0 or ::0,CIS1: 4.2 Ensure no security groups allow ingress from 0.0.0.0/0 to port 3389
EC2,Open RDP,Determine if TCP port 3389 for RDP is open to the public,arn:aws:ec2:sa-east-1:871393296284:security-group/sg-02a6c1f79cc2d8d89,sa-east-1,OK,Security group: sg-02a6c1f79cc2d8d89 (default) does not have TCP:3389 open to 0.0.0.0/0 or ::0,CIS1: 4.2 Ensure no security groups allow ingress from 0.0.0.0/0 to port 3389
EC2,Open SSH,Determine if TCP port 22 for SSH is open to the public,arn:aws:ec2:us-east-1:871393296284:security-group/sg-09f1f7a02ed39fe20,us-east-1,FAIL,Security group: sg-09f1f7a02ed39fe20 (launch-wizard-1) has SSH:TCP:22 open to 0.0.0.0/0,CIS1: 4.1 Ensure no security groups allow ingress from 0.0.0.0/0 to port 22
EC2,Open SSH,Determine if TCP port 22 for SSH is open to the public,arn:aws:ec2:us-east-1:871393296284:security-group/sg-09045137936ed15b2,us-east-1,OK,Security group: sg-09045137936ed15b2 (default) does not have TCP:22 open to 0.0.0.0/0 or ::0,CIS1: 4.1 Ensure no security groups allow ingress from 0.0.0.0/0 to port 22
EC2,Open SSH,Determine if TCP port 22 for SSH is open to the public,arn:aws:ec2:us-east-2:871393296284:security-group/sg-0c5cdceafab1d4a40,us-east-2,OK,Security group: sg-0c5cdceafab1d4a40 (default) does not have TCP:22 open to 0.0.0.0/0 or ::0,CIS1: 4.1 Ensure no security groups allow ingress from 0.0.0.0/0 to port 22
EC2,Open SSH,Determine if TCP port 22 for SSH is open to the public,arn:aws:ec2:us-west-1:871393296284:security-group/sg-023293c9cc54750d8,us-west-1,OK,Security group: sg-023293c9cc54750d8 (default) does not have TCP:22 open to 0.0.0.0/0 or ::0,CIS1: 4.1 Ensure no security groups allow ingress from 0.0.0.0/0 to port 22
EC2,Open SSH,Determine if TCP port 22 for SSH is open to the public,arn:aws:ec2:us-west-2:871393296284:security-group/sg-0d9be84c06adc5f73,us-west-2,OK,Security group: sg-0d9be84c06adc5f73 (default) does not have TCP:22 open to 0.0.0.0/0 or ::0,CIS1: 4.1 Ensure no security groups allow ingress from 0.0.0.0/0 to port 22
EC2,Open SSH,Determine if TCP port 22 for SSH is open to the public,arn:aws:ec2:us-west-2:871393296284:security-group/sg-0f578903685eeaf23,us-west-2,FAIL,Security group: sg-0f578903685eeaf23 (launch-wizard-1) has SSH:TCP:22 open to 0.0.0.0/0,CIS1: 4.1 Ensure no security groups allow ingress from 0.0.0.0/0 to port 22
EC2,Open SSH,Determine if TCP port 22 for SSH is open to the public,arn:aws:ec2:ap-south-1:871393296284:security-group/sg-0540b83fcdb92fa75,ap-south-1,OK,Security group: sg-0540b83fcdb92fa75 (default) does not have TCP:22 open to 0.0.0.0/0 or ::0,CIS1: 4.1 Ensure no security groups allow ingress from 0.0.0.0/0 to port 22
EC2,Open SSH,Determine if TCP port 22 for SSH is open to the public,arn:aws:ec2:ap-northeast-3:871393296284:security-group/sg-014b2c81f52992677,ap-northeast-3,OK,Security group: sg-014b2c81f52992677 (default) does not have TCP:22 open to 0.0.0.0/0 or ::0,CIS1: 4.1 Ensure no security groups allow ingress from 0.0.0.0/0 to port 22
EC2,Open SSH,Determine if TCP port 22 for SSH is open to the public,arn:aws:ec2:ca-central-1:871393296284:security-group/sg-00329c87de5dc48eb,ca-central-1,OK,Security group: sg-00329c87de5dc48eb (default) does not have TCP:22 open to 0.0.0.0/0 or ::0,CIS1: 4.1 Ensure no security groups allow ingress from 0.0.0.0/0 to port 22
EC2,Open SSH,Determine if TCP port 22 for SSH is open to the public,arn:aws:ec2:eu-central-1:871393296284:security-group/sg-040bdcf220204d9ff,eu-central-1,OK,Security group: sg-040bdcf220204d9ff (default) does not have TCP:22 open to 0.0.0.0/0 or ::0,CIS1: 4.1 Ensure no security groups allow ingress from 0.0.0.0/0 to port 22
EC2,Open SSH,Determine if TCP port 22 for SSH is open to the public,arn:aws:ec2:eu-west-1:871393296284:security-group/sg-00500a329c98461d6,eu-west-1,OK,Security group: sg-00500a329c98461d6 (default) does not have TCP:22 open to 0.0.0.0/0 or ::0,CIS1: 4.1 Ensure no security groups allow ingress from 0.0.0.0/0 to port 22
EC2,Open SSH,Determine if TCP port 22 for SSH is open to the public,arn:aws:ec2:eu-west-2:871393296284:security-group/sg-0a06af0d2fd548eb9,eu-west-2,OK,Security group: sg-0a06af0d2fd548eb9 (default) does not have TCP:22 open to 0.0.0.0/0 or ::0,CIS1: 4.1 Ensure no security groups allow ingress from 0.0.0.0/0 to port 22
EC2,Open SSH,Determine if TCP port 22 for SSH is open to the public,arn:aws:ec2:eu-west-3:871393296284:security-group/sg-0e57d59eb82885f35,eu-west-3,OK,Security group: sg-0e57d59eb82885f35 (default) does not have TCP:22 open to 0.0.0.0/0 or ::0,CIS1: 4.1 Ensure no security groups allow ingress from 0.0.0.0/0 to port 22
EC2,Open SSH,Determine if TCP port 22 for SSH is open to the public,arn:aws:ec2:eu-north-1:871393296284:security-group/sg-0f7dbeba018a17447,eu-north-1,OK,Security group: sg-0f7dbeba018a17447 (default) does not have TCP:22 open to 0.0.0.0/0 or ::0,CIS1: 4.1 Ensure no security groups allow ingress from 0.0.0.0/0 to port 22
EC2,Open SSH,Determine if TCP port 22 for SSH is open to the public,arn:aws:ec2:ap-northeast-1:871393296284:security-group/sg-033918656ba142f43,ap-northeast-1,OK,Security group: sg-033918656ba142f43 (default) does not have TCP:22 open to 0.0.0.0/0 or ::0,CIS1: 4.1 Ensure no security groups allow ingress from 0.0.0.0/0 to port 22
EC2,Open SSH,Determine if TCP port 22 for SSH is open to the public,arn:aws:ec2:ap-northeast-2:871393296284:security-group/sg-0519e1ab3a6dbcb5e,ap-northeast-2,OK,Security group: sg-0519e1ab3a6dbcb5e (default) does not have TCP:22 open to 0.0.0.0/0 or ::0,CIS1: 4.1 Ensure no security groups allow ingress from 0.0.0.0/0 to port 22
EC2,Open SSH,Determine if TCP port 22 for SSH is open to the public,arn:aws:ec2:ap-southeast-1:871393296284:security-group/sg-01fc27a746462e300,ap-southeast-1,OK,Security group: sg-01fc27a746462e300 (default) does not have TCP:22 open to 0.0.0.0/0 or ::0,CIS1: 4.1 Ensure no security groups allow ingress from 0.0.0.0/0 to port 22
EC2,Open SSH,Determine if TCP port 22 for SSH is open to the public,arn:aws:ec2:ap-southeast-2:871393296284:security-group/sg-0167813c243b1a6e5,ap-southeast-2,OK,Security group: sg-0167813c243b1a6e5 (default) does not have TCP:22 open to 0.0.0.0/0 or ::0,CIS1: 4.1 Ensure no security groups allow ingress from 0.0.0.0/0 to port 22
EC2,Open SSH,Determine if TCP port 22 for SSH is open to the public,arn:aws:ec2:sa-east-1:871393296284:security-group/sg-02a6c1f79cc2d8d89,sa-east-1,OK,Security group: sg-02a6c1f79cc2d8d89 (default) does not have TCP:22 open to 0.0.0.0/0 or ::0,CIS1: 4.1 Ensure no security groups allow ingress from 0.0.0.0/0 to port 22
EC2,VPC Flow Logs Enabled,Ensures VPC flow logs are enabled for traffic logging,arn:aws:ec2:us-east-1:871393296284:vpc/vpc-05505c92d0c251395,us-east-1,FAIL,VPC flow logs are not enabled,CIS2: 2.9 Ensure VPC flow logging is enabled in all VPCs
EC2,VPC Flow Logs Enabled,Ensures VPC flow logs are enabled for traffic logging,arn:aws:ec2:us-east-2:871393296284:vpc/vpc-0cc52da43cfcd907f,us-east-2,FAIL,VPC flow logs are not enabled,CIS2: 2.9 Ensure VPC flow logging is enabled in all VPCs
EC2,VPC Flow Logs Enabled,Ensures VPC flow logs are enabled for traffic logging,arn:aws:ec2:us-west-1:871393296284:vpc/vpc-01c149e3ef3af7c6d,us-west-1,FAIL,VPC flow logs are not enabled,CIS2: 2.9 Ensure VPC flow logging is enabled in all VPCs
EC2,VPC Flow Logs Enabled,Ensures VPC flow logs are enabled for traffic logging,arn:aws:ec2:us-west-2:871393296284:vpc/vpc-07443013c976999e6,us-west-2,FAIL,VPC flow logs are not enabled,CIS2: 2.9 Ensure VPC flow logging is enabled in all VPCs
EC2,VPC Flow Logs Enabled,Ensures VPC flow logs are enabled for traffic logging,arn:aws:ec2:ap-south-1:871393296284:vpc/vpc-03f418507e319cfa7,ap-south-1,FAIL,VPC flow logs are not enabled,CIS2: 2.9 Ensure VPC flow logging is enabled in all VPCs
EC2,VPC Flow Logs Enabled,Ensures VPC flow logs are enabled for traffic logging,arn:aws:ec2:ap-northeast-3:871393296284:vpc/vpc-0b8d69f44bb8485c0,ap-northeast-3,FAIL,VPC flow logs are not enabled,CIS2: 2.9 Ensure VPC flow logging is enabled in all VPCs
EC2,VPC Flow Logs Enabled,Ensures VPC flow logs are enabled for traffic logging,arn:aws:ec2:ca-central-1:871393296284:vpc/vpc-053bbae5bb1ad6a16,ca-central-1,FAIL,VPC flow logs are not enabled,CIS2: 2.9 Ensure VPC flow logging is enabled in all VPCs
EC2,VPC Flow Logs Enabled,Ensures VPC flow logs are enabled for traffic logging,arn:aws:ec2:eu-central-1:871393296284:vpc/vpc-0d19179656c18e2ee,eu-central-1,FAIL,VPC flow logs are not enabled,CIS2: 2.9 Ensure VPC flow logging is enabled in all VPCs
EC2,VPC Flow Logs Enabled,Ensures VPC flow logs are enabled for traffic logging,arn:aws:ec2:eu-west-1:871393296284:vpc/vpc-0364e724e357e814f,eu-west-1,FAIL,VPC flow logs are not enabled,CIS2: 2.9 Ensure VPC flow logging is enabled in all VPCs
EC2,VPC Flow Logs Enabled,Ensures VPC flow logs are enabled for traffic logging,arn:aws:ec2:eu-west-2:871393296284:vpc/vpc-0b4a3681f13a4d7a8,eu-west-2,FAIL,VPC flow logs are not enabled,CIS2: 2.9 Ensure VPC flow logging is enabled in all VPCs
EC2,VPC Flow Logs Enabled,Ensures VPC flow logs are enabled for traffic logging,arn:aws:ec2:eu-west-3:871393296284:vpc/vpc-0e905136c0f5888ea,eu-west-3,FAIL,VPC flow logs are not enabled,CIS2: 2.9 Ensure VPC flow logging is enabled in all VPCs
EC2,VPC Flow Logs Enabled,Ensures VPC flow logs are enabled for traffic logging,arn:aws:ec2:eu-north-1:871393296284:vpc/vpc-0e6eeab016f953a42,eu-north-1,FAIL,VPC flow logs are not enabled,CIS2: 2.9 Ensure VPC flow logging is enabled in all VPCs
EC2,VPC Flow Logs Enabled,Ensures VPC flow logs are enabled for traffic logging,arn:aws:ec2:ap-northeast-1:871393296284:vpc/vpc-0910b115f3a250c6a,ap-northeast-1,FAIL,VPC flow logs are not enabled,CIS2: 2.9 Ensure VPC flow logging is enabled in all VPCs
EC2,VPC Flow Logs Enabled,Ensures VPC flow logs are enabled for traffic logging,arn:aws:ec2:ap-northeast-2:871393296284:vpc/vpc-0c3824623b1916f47,ap-northeast-2,FAIL,VPC flow logs are not enabled,CIS2: 2.9 Ensure VPC flow logging is enabled in all VPCs
EC2,VPC Flow Logs Enabled,Ensures VPC flow logs are enabled for traffic logging,arn:aws:ec2:ap-southeast-1:871393296284:vpc/vpc-06bc657dd407db36d,ap-southeast-1,FAIL,VPC flow logs are not enabled,CIS2: 2.9 Ensure VPC flow logging is enabled in all VPCs
EC2,VPC Flow Logs Enabled,Ensures VPC flow logs are enabled for traffic logging,arn:aws:ec2:ap-southeast-2:871393296284:vpc/vpc-0f43fc824bc4853f4,ap-southeast-2,FAIL,VPC flow logs are not enabled,CIS2: 2.9 Ensure VPC flow logging is enabled in all VPCs
EC2,VPC Flow Logs Enabled,Ensures VPC flow logs are enabled for traffic logging,arn:aws:ec2:sa-east-1:871393296284:vpc/vpc-0e71056b75fdaaddc,sa-east-1,FAIL,VPC flow logs are not enabled,CIS2: 2.9 Ensure VPC flow logging is enabled in all VPCs
EC2,Unrestricted Network ACL Inbound Traffic,Ensures that no Amazon Network ACL allows inbound/ingress traffic to remote administration ports.,arn:aws:ec2:us-east-1:871393296284:network-acl/acl-0d99afcbb2e57ecca,us-east-1,FAIL,"Network ACL ""acl-0d99afcbb2e57ecca"" allows unrestricted access",CIS1: 5.1 Ensure no Network ACLs allow ingress from 0.0.0.0/0 to remote server administration ports
EC2,Unrestricted Network ACL Inbound Traffic,Ensures that no Amazon Network ACL allows inbound/ingress traffic to remote administration ports.,arn:aws:ec2:us-east-2:871393296284:network-acl/acl-0986f66b4e4aa140b,us-east-2,FAIL,"Network ACL ""acl-0986f66b4e4aa140b"" allows unrestricted access",CIS1: 5.1 Ensure no Network ACLs allow ingress from 0.0.0.0/0 to remote server administration ports
EC2,Unrestricted Network ACL Inbound Traffic,Ensures that no Amazon Network ACL allows inbound/ingress traffic to remote administration ports.,arn:aws:ec2:us-west-1:871393296284:network-acl/acl-0ec73d9c32aefe445,us-west-1,FAIL,"Network ACL ""acl-0ec73d9c32aefe445"" allows unrestricted access",CIS1: 5.1 Ensure no Network ACLs allow ingress from 0.0.0.0/0 to remote server administration ports
EC2,Unrestricted Network ACL Inbound Traffic,Ensures that no Amazon Network ACL allows inbound/ingress traffic to remote administration ports.,arn:aws:ec2:us-west-2:871393296284:network-acl/acl-0bd4561c4de4a0901,us-west-2,FAIL,"Network ACL ""acl-0bd4561c4de4a0901"" allows unrestricted access",CIS1: 5.1 Ensure no Network ACLs allow ingress from 0.0.0.0/0 to remote server administration ports
EC2,Unrestricted Network ACL Inbound Traffic,Ensures that no Amazon Network ACL allows inbound/ingress traffic to remote administration ports.,arn:aws:ec2:ap-south-1:871393296284:network-acl/acl-03a60e5ea5a74b3b6,ap-south-1,FAIL,"Network ACL ""acl-03a60e5ea5a74b3b6"" allows unrestricted access",CIS1: 5.1 Ensure no Network ACLs allow ingress from 0.0.0.0/0 to remote server administration ports
EC2,Unrestricted Network ACL Inbound Traffic,Ensures that no Amazon Network ACL allows inbound/ingress traffic to remote administration ports.,arn:aws:ec2:ap-northeast-3:871393296284:network-acl/acl-03a1db16a6e5bb75b,ap-northeast-3,FAIL,"Network ACL ""acl-03a1db16a6e5bb75b"" allows unrestricted access",CIS1: 5.1 Ensure no Network ACLs allow ingress from 0.0.0.0/0 to remote server administration ports
EC2,Unrestricted Network ACL Inbound Traffic,Ensures that no Amazon Network ACL allows inbound/ingress traffic to remote administration ports.,arn:aws:ec2:ca-central-1:871393296284:network-acl/acl-0e4da6dedd9f1a5d3,ca-central-1,FAIL,"Network ACL ""acl-0e4da6dedd9f1a5d3"" allows unrestricted access",CIS1: 5.1 Ensure no Network ACLs allow ingress from 0.0.0.0/0 to remote server administration ports
EC2,Unrestricted Network ACL Inbound Traffic,Ensures that no Amazon Network ACL allows inbound/ingress traffic to remote administration ports.,arn:aws:ec2:eu-central-1:871393296284:network-acl/acl-00e9ea0cc3cea4926,eu-central-1,FAIL,"Network ACL ""acl-00e9ea0cc3cea4926"" allows unrestricted access",CIS1: 5.1 Ensure no Network ACLs allow ingress from 0.0.0.0/0 to remote server administration ports
EC2,Unrestricted Network ACL Inbound Traffic,Ensures that no Amazon Network ACL allows inbound/ingress traffic to remote administration ports.,arn:aws:ec2:eu-west-1:871393296284:network-acl/acl-086a0343524daf2b8,eu-west-1,FAIL,"Network ACL ""acl-086a0343524daf2b8"" allows unrestricted access",CIS1: 5.1 Ensure no Network ACLs allow ingress from 0.0.0.0/0 to remote server administration ports
EC2,Unrestricted Network ACL Inbound Traffic,Ensures that no Amazon Network ACL allows inbound/ingress traffic to remote administration ports.,arn:aws:ec2:eu-west-2:871393296284:network-acl/acl-004744053a2dc780f,eu-west-2,FAIL,"Network ACL ""acl-004744053a2dc780f"" allows unrestricted access",CIS1: 5.1 Ensure no Network ACLs allow ingress from 0.0.0.0/0 to remote server administration ports
EC2,Unrestricted Network ACL Inbound Traffic,Ensures that no Amazon Network ACL allows inbound/ingress traffic to remote administration ports.,arn:aws:ec2:eu-west-3:871393296284:network-acl/acl-0b2b1088d79c89b6f,eu-west-3,FAIL,"Network ACL ""acl-0b2b1088d79c89b6f"" allows unrestricted access",CIS1: 5.1 Ensure no Network ACLs allow ingress from 0.0.0.0/0 to remote server administration ports
EC2,Unrestricted Network ACL Inbound Traffic,Ensures that no Amazon Network ACL allows inbound/ingress traffic to remote administration ports.,arn:aws:ec2:eu-north-1:871393296284:network-acl/acl-0b1f5ec67c179c863,eu-north-1,FAIL,"Network ACL ""acl-0b1f5ec67c179c863"" allows unrestricted access",CIS1: 5.1 Ensure no Network ACLs allow ingress from 0.0.0.0/0 to remote server administration ports
EC2,Unrestricted Network ACL Inbound Traffic,Ensures that no Amazon Network ACL allows inbound/ingress traffic to remote administration ports.,arn:aws:ec2:ap-northeast-1:871393296284:network-acl/acl-0fbea3ea92885b87f,ap-northeast-1,FAIL,"Network ACL ""acl-0fbea3ea92885b87f"" allows unrestricted access",CIS1: 5.1 Ensure no Network ACLs allow ingress from 0.0.0.0/0 to remote server administration ports
EC2,Unrestricted Network ACL Inbound Traffic,Ensures that no Amazon Network ACL allows inbound/ingress traffic to remote administration ports.,arn:aws:ec2:ap-northeast-2:871393296284:network-acl/acl-0ac08a14e467d1406,ap-northeast-2,FAIL,"Network ACL ""acl-0ac08a14e467d1406"" allows unrestricted access",CIS1: 5.1 Ensure no Network ACLs allow ingress from 0.0.0.0/0 to remote server administration ports
EC2,Unrestricted Network ACL Inbound Traffic,Ensures that no Amazon Network ACL allows inbound/ingress traffic to remote administration ports.,arn:aws:ec2:ap-southeast-1:871393296284:network-acl/acl-08dba7eb928f23699,ap-southeast-1,FAIL,"Network ACL ""acl-08dba7eb928f23699"" allows unrestricted access",CIS1: 5.1 Ensure no Network ACLs allow ingress from 0.0.0.0/0 to remote server administration ports
EC2,Unrestricted Network ACL Inbound Traffic,Ensures that no Amazon Network ACL allows inbound/ingress traffic to remote administration ports.,arn:aws:ec2:ap-southeast-2:871393296284:network-acl/acl-0c0fd32419f322f8c,ap-southeast-2,FAIL,"Network ACL ""acl-0c0fd32419f322f8c"" allows unrestricted access",CIS1: 5.1 Ensure no Network ACLs allow ingress from 0.0.0.0/0 to remote server administration ports
EC2,Unrestricted Network ACL Inbound Traffic,Ensures that no Amazon Network ACL allows inbound/ingress traffic to remote administration ports.,arn:aws:ec2:sa-east-1:871393296284:network-acl/acl-09d95ca709ab735d2,sa-east-1,FAIL,"Network ACL ""acl-09d95ca709ab735d2"" allows unrestricted access",CIS1: 5.1 Ensure no Network ACLs allow ingress from 0.0.0.0/0 to remote server administration ports
EC2,Default Security Group,Ensure the default security groups block all traffic by default,arn:aws:ec2:us-east-1:871393296284:security-group/sg-09045137936ed15b2,us-east-1,FAIL,Default security group has 1 inbound and 1 outbound rules,CIS2: 4.3 Ensure the default security group of every VPC restricts all traffic
EC2,Default Security Group,Ensure the default security groups block all traffic by default,arn:aws:ec2:us-east-2:871393296284:security-group/sg-0c5cdceafab1d4a40,us-east-2,FAIL,Default security group has 1 inbound and 1 outbound rules,CIS2: 4.3 Ensure the default security group of every VPC restricts all traffic
EC2,Default Security Group,Ensure the default security groups block all traffic by default,arn:aws:ec2:us-west-1:871393296284:security-group/sg-023293c9cc54750d8,us-west-1,FAIL,Default security group has 1 inbound and 1 outbound rules,CIS2: 4.3 Ensure the default security group of every VPC restricts all traffic
EC2,Default Security Group,Ensure the default security groups block all traffic by default,arn:aws:ec2:us-west-2:871393296284:security-group/sg-0d9be84c06adc5f73,us-west-2,FAIL,Default security group has 1 inbound and 1 outbound rules,CIS2: 4.3 Ensure the default security group of every VPC restricts all traffic
EC2,Default Security Group,Ensure the default security groups block all traffic by default,arn:aws:ec2:ap-south-1:871393296284:security-group/sg-0540b83fcdb92fa75,ap-south-1,FAIL,Default security group has 1 inbound and 1 outbound rules,CIS2: 4.3 Ensure the default security group of every VPC restricts all traffic
EC2,Default Security Group,Ensure the default security groups block all traffic by default,arn:aws:ec2:ap-northeast-3:871393296284:security-group/sg-014b2c81f52992677,ap-northeast-3,FAIL,Default security group has 1 inbound and 1 outbound rules,CIS2: 4.3 Ensure the default security group of every VPC restricts all traffic
EC2,Default Security Group,Ensure the default security groups block all traffic by default,arn:aws:ec2:ca-central-1:871393296284:security-group/sg-00329c87de5dc48eb,ca-central-1,FAIL,Default security group has 1 inbound and 1 outbound rules,CIS2: 4.3 Ensure the default security group of every VPC restricts all traffic
EC2,Default Security Group,Ensure the default security groups block all traffic by default,arn:aws:ec2:eu-central-1:871393296284:security-group/sg-040bdcf220204d9ff,eu-central-1,FAIL,Default security group has 1 inbound and 1 outbound rules,CIS2: 4.3 Ensure the default security group of every VPC restricts all traffic
EC2,Default Security Group,Ensure the default security groups block all traffic by default,arn:aws:ec2:eu-west-1:871393296284:security-group/sg-00500a329c98461d6,eu-west-1,FAIL,Default security group has 1 inbound and 1 outbound rules,CIS2: 4.3 Ensure the default security group of every VPC restricts all traffic
EC2,Default Security Group,Ensure the default security groups block all traffic by default,arn:aws:ec2:eu-west-2:871393296284:security-group/sg-0a06af0d2fd548eb9,eu-west-2,FAIL,Default security group has 1 inbound and 1 outbound rules,CIS2: 4.3 Ensure the default security group of every VPC restricts all traffic
EC2,Default Security Group,Ensure the default security groups block all traffic by default,arn:aws:ec2:eu-west-3:871393296284:security-group/sg-0e57d59eb82885f35,eu-west-3,FAIL,Default security group has 1 inbound and 1 outbound rules,CIS2: 4.3 Ensure the default security group of every VPC restricts all traffic
EC2,Default Security Group,Ensure the default security groups block all traffic by default,arn:aws:ec2:eu-north-1:871393296284:security-group/sg-0f7dbeba018a17447,eu-north-1,FAIL,Default security group has 1 inbound and 1 outbound rules,CIS2: 4.3 Ensure the default security group of every VPC restricts all traffic
EC2,Default Security Group,Ensure the default security groups block all traffic by default,arn:aws:ec2:ap-northeast-1:871393296284:security-group/sg-033918656ba142f43,ap-northeast-1,FAIL,Default security group has 1 inbound and 1 outbound rules,CIS2: 4.3 Ensure the default security group of every VPC restricts all traffic
EC2,Default Security Group,Ensure the default security groups block all traffic by default,arn:aws:ec2:ap-northeast-2:871393296284:security-group/sg-0519e1ab3a6dbcb5e,ap-northeast-2,FAIL,Default security group has 1 inbound and 1 outbound rules,CIS2: 4.3 Ensure the default security group of every VPC restricts all traffic
EC2,Default Security Group,Ensure the default security groups block all traffic by default,arn:aws:ec2:ap-southeast-1:871393296284:security-group/sg-01fc27a746462e300,ap-southeast-1,FAIL,Default security group has 1 inbound and 1 outbound rules,CIS2: 4.3 Ensure the default security group of every VPC restricts all traffic
EC2,Default Security Group,Ensure the default security groups block all traffic by default,arn:aws:ec2:ap-southeast-2:871393296284:security-group/sg-0167813c243b1a6e5,ap-southeast-2,FAIL,Default security group has 1 inbound and 1 outbound rules,CIS2: 4.3 Ensure the default security group of every VPC restricts all traffic
EC2,Default Security Group,Ensure the default security groups block all traffic by default,arn:aws:ec2:sa-east-1:871393296284:security-group/sg-02a6c1f79cc2d8d89,sa-east-1,FAIL,Default security group has 1 inbound and 1 outbound rules,CIS2: 4.3 Ensure the default security group of every VPC restricts all traffic
IAM,Access Keys Last Used,Detects access keys that have not been used for a period of time and that should be decommissioned,N/A,global,OK,No users using access keys found,CIS1: 1.3 Ensure credentials unused for 90 days or greater are disabled
IAM,Access Keys Rotated,Ensures access keys are not older than 180 days in order to reduce accidental exposures,arn:aws:iam::871393296284:user/Weiyang:access_key_1,global,OK,User access key 1 was last rotated 10 days ago,CIS1: 1.4 Ensure access keys are rotated every 90 days or less
IAM,Minimum Password Length,Ensures password policy requires a password of at least a minimum number of characters,N/A,global,OK,Account has Default password policy which enforces minimum length of 14 characters,CIS1: 1.9 Ensure IAM password policy requires minimum length of 14 or greater
IAM,No User IAM Policies,Ensures IAM policies are not connected directly to IAM users,arn:aws:iam::871393296284:user/Weiyang,global,WARN,User is using attached or inline policies,CIS1: 1.16 Ensure IAM policies are attached only to groups or roles
IAM,Password Expiration,Ensures password policy enforces a password expiration,N/A,global,FAIL,Account has Default password policy,CIS1: 1.11 Ensure IAM password policy expires passwords within 90 days or less
IAM,Password Requires Lowercase,Ensures password policy requires at least one lowercase letter,N/A,global,FAIL,Account has Default password policy,CIS1: 1.6 Ensure IAM password policy require at least one lowercase letter
IAM,Password Requires Numbers,Ensures password policy requires the use of numbers,N/A,global,FAIL,Account has Default password policy,CIS1: 1.8 Ensure IAM password policy require at least one number
IAM,Password Requires Symbols,Ensures password policy requires the use of symbols,N/A,global,FAIL,Account has Default password policy,CIS1: 1.7 Ensure IAM password policy require at least one symbol
IAM,Password Requires Uppercase,Ensures password policy requires at least one uppercase letter,N/A,global,FAIL,Account has Default password policy,CIS1: 1.5 Ensure IAM password policy requires at least one uppercase letter
IAM,Password Reuse Prevention,Ensures password policy prevents previous password reuse,N/A,global,FAIL,Account has Default password policy,CIS1: 1.10 Ensure IAM password policy prevents password reuse
IAM,Root Access Keys,Ensures the root account is not using access keys,arn:aws:iam::871393296284:root,global,OK,Access keys were not found for the root account,CIS1: 1.12 Ensure no root account access key exists
IAM,Root Account In Use,Ensures the root account is not being actively used,arn:aws:iam::871393296284:root,global,FAIL,Root account was last used 3 days ago,CIS1: 1.1 Avoid the use of the root account
IAM,Root MFA Enabled,Ensures a multi-factor authentication device is enabled for the root account,arn:aws:iam::871393296284:root,global,OK,An MFA device was found for the root account,"CIS1: 1.13 Ensure MFA is enabled for the ""root"" account"
IAM,Users MFA Enabled,Ensures a multi-factor authentication device is enabled for all users within the account,N/A,global,OK,No users with passwords requiring MFA found,CIS1: 1.2 Ensure multi-factor authentication (MFA) is enabled for all IAM users that have a console password
IAM,Users Password Last Used,Detects users with password logins that have not been used for a period of time and that should be decommissioned,N/A,global,OK,No users with password logins found,CIS1: 1.3 Ensure credentials unused for 90 days or greater are disabled
IAM,Password Policy Allows To Change Password,Ensure IAM password policy allows users to change their passwords.,N/A,global,FAIL,Account has Default password policy,CIS1: 1.6 Ensure IAM password policy allows users to change their passwords
KMS,KMS Key Rotation,Ensures KMS keys are set to rotate on a regular schedule,N/A,us-east-1,OK,No customer-managed KMS keys found,CIS2: 2.8 Ensure rotation for customer created CMKs is enabled
KMS,KMS Key Rotation,Ensures KMS keys are set to rotate on a regular schedule,N/A,us-east-2,OK,No KMS keys found,CIS2: 2.8 Ensure rotation for customer created CMKs is enabled
KMS,KMS Key Rotation,Ensures KMS keys are set to rotate on a regular schedule,N/A,us-west-1,OK,No KMS keys found,CIS2: 2.8 Ensure rotation for customer created CMKs is enabled
KMS,KMS Key Rotation,Ensures KMS keys are set to rotate on a regular schedule,N/A,us-west-2,OK,No KMS keys found,CIS2: 2.8 Ensure rotation for customer created CMKs is enabled
KMS,KMS Key Rotation,Ensures KMS keys are set to rotate on a regular schedule,N/A,ap-south-1,OK,No KMS keys found,CIS2: 2.8 Ensure rotation for customer created CMKs is enabled
KMS,KMS Key Rotation,Ensures KMS keys are set to rotate on a regular schedule,N/A,ap-northeast-3,OK,No KMS keys found,CIS2: 2.8 Ensure rotation for customer created CMKs is enabled
KMS,KMS Key Rotation,Ensures KMS keys are set to rotate on a regular schedule,N/A,ca-central-1,OK,No KMS keys found,CIS2: 2.8 Ensure rotation for customer created CMKs is enabled
KMS,KMS Key Rotation,Ensures KMS keys are set to rotate on a regular schedule,N/A,eu-central-1,OK,No KMS keys found,CIS2: 2.8 Ensure rotation for customer created CMKs is enabled
KMS,KMS Key Rotation,Ensures KMS keys are set to rotate on a regular schedule,N/A,eu-west-1,OK,No KMS keys found,CIS2: 2.8 Ensure rotation for customer created CMKs is enabled
KMS,KMS Key Rotation,Ensures KMS keys are set to rotate on a regular schedule,N/A,eu-west-2,OK,No KMS keys found,CIS2: 2.8 Ensure rotation for customer created CMKs is enabled
KMS,KMS Key Rotation,Ensures KMS keys are set to rotate on a regular schedule,N/A,eu-west-3,OK,No KMS keys found,CIS2: 2.8 Ensure rotation for customer created CMKs is enabled
KMS,KMS Key Rotation,Ensures KMS keys are set to rotate on a regular schedule,N/A,eu-north-1,OK,No KMS keys found,CIS2: 2.8 Ensure rotation for customer created CMKs is enabled
KMS,KMS Key Rotation,Ensures KMS keys are set to rotate on a regular schedule,N/A,ap-northeast-1,OK,No KMS keys found,CIS2: 2.8 Ensure rotation for customer created CMKs is enabled
KMS,KMS Key Rotation,Ensures KMS keys are set to rotate on a regular schedule,N/A,ap-northeast-2,OK,No KMS keys found,CIS2: 2.8 Ensure rotation for customer created CMKs is enabled
KMS,KMS Key Rotation,Ensures KMS keys are set to rotate on a regular schedule,N/A,ap-southeast-1,OK,No KMS keys found,CIS2: 2.8 Ensure rotation for customer created CMKs is enabled
KMS,KMS Key Rotation,Ensures KMS keys are set to rotate on a regular schedule,N/A,ap-southeast-2,OK,No KMS keys found,CIS2: 2.8 Ensure rotation for customer created CMKs is enabled
KMS,KMS Key Rotation,Ensures KMS keys are set to rotate on a regular schedule,N/A,sa-east-1,OK,No KMS keys found,CIS2: 2.8 Ensure rotation for customer created CMKs is enabled
S3,S3 Bucket MFA Delete Status,Ensures MFA delete is enabled on S3 buckets.,arn:aws:s3:::cf-templates-1i9wv6ywcytqs-us-east-1,us-east-1,FAIL,Bucket : cf-templates-1i9wv6ywcytqs-us-east-1 has MFA Delete disabled,CIS1: 2.1.3 Ensure MFA Delete is enabled on S3 buckets
CloudWatchLogs,CloudWatch Monitoring Metrics,Ensures metric filters are setup for CloudWatch logs to detect security risks from CloudTrail.,N/A,us-east-1,OK,No CloudTrail trails found,CIS1: 3.0 Monitoring metrics are enabled
CloudWatchLogs,CloudWatch Monitoring Metrics,Ensures metric filters are setup for CloudWatch logs to detect security risks from CloudTrail.,N/A,us-east-2,OK,No CloudTrail trails found,CIS1: 3.0 Monitoring metrics are enabled
CloudWatchLogs,CloudWatch Monitoring Metrics,Ensures metric filters are setup for CloudWatch logs to detect security risks from CloudTrail.,N/A,us-west-1,OK,No CloudTrail trails found,CIS1: 3.0 Monitoring metrics are enabled
CloudWatchLogs,CloudWatch Monitoring Metrics,Ensures metric filters are setup for CloudWatch logs to detect security risks from CloudTrail.,N/A,us-west-2,OK,No CloudTrail trails found,CIS1: 3.0 Monitoring metrics are enabled
CloudWatchLogs,CloudWatch Monitoring Metrics,Ensures metric filters are setup for CloudWatch logs to detect security risks from CloudTrail.,N/A,ap-south-1,OK,No CloudTrail trails found,CIS1: 3.0 Monitoring metrics are enabled
CloudWatchLogs,CloudWatch Monitoring Metrics,Ensures metric filters are setup for CloudWatch logs to detect security risks from CloudTrail.,N/A,ap-northeast-3,OK,No CloudTrail trails found,CIS1: 3.0 Monitoring metrics are enabled
CloudWatchLogs,CloudWatch Monitoring Metrics,Ensures metric filters are setup for CloudWatch logs to detect security risks from CloudTrail.,N/A,ca-central-1,OK,No CloudTrail trails found,CIS1: 3.0 Monitoring metrics are enabled
CloudWatchLogs,CloudWatch Monitoring Metrics,Ensures metric filters are setup for CloudWatch logs to detect security risks from CloudTrail.,N/A,eu-central-1,OK,No CloudTrail trails found,CIS1: 3.0 Monitoring metrics are enabled
CloudWatchLogs,CloudWatch Monitoring Metrics,Ensures metric filters are setup for CloudWatch logs to detect security risks from CloudTrail.,N/A,eu-west-1,OK,No CloudTrail trails found,CIS1: 3.0 Monitoring metrics are enabled
CloudWatchLogs,CloudWatch Monitoring Metrics,Ensures metric filters are setup for CloudWatch logs to detect security risks from CloudTrail.,N/A,eu-west-2,OK,No CloudTrail trails found,CIS1: 3.0 Monitoring metrics are enabled
CloudWatchLogs,CloudWatch Monitoring Metrics,Ensures metric filters are setup for CloudWatch logs to detect security risks from CloudTrail.,N/A,eu-west-3,OK,No CloudTrail trails found,CIS1: 3.0 Monitoring metrics are enabled
CloudWatchLogs,CloudWatch Monitoring Metrics,Ensures metric filters are setup for CloudWatch logs to detect security risks from CloudTrail.,N/A,eu-north-1,OK,No CloudTrail trails found,CIS1: 3.0 Monitoring metrics are enabled
CloudWatchLogs,CloudWatch Monitoring Metrics,Ensures metric filters are setup for CloudWatch logs to detect security risks from CloudTrail.,N/A,ap-northeast-1,OK,No CloudTrail trails found,CIS1: 3.0 Monitoring metrics are enabled
CloudWatchLogs,CloudWatch Monitoring Metrics,Ensures metric filters are setup for CloudWatch logs to detect security risks from CloudTrail.,N/A,ap-northeast-2,OK,No CloudTrail trails found,CIS1: 3.0 Monitoring metrics are enabled
CloudWatchLogs,CloudWatch Monitoring Metrics,Ensures metric filters are setup for CloudWatch logs to detect security risks from CloudTrail.,N/A,ap-southeast-1,OK,No CloudTrail trails found,CIS1: 3.0 Monitoring metrics are enabled
CloudWatchLogs,CloudWatch Monitoring Metrics,Ensures metric filters are setup for CloudWatch logs to detect security risks from CloudTrail.,N/A,ap-southeast-2,OK,No CloudTrail trails found,CIS1: 3.0 Monitoring metrics are enabled
CloudWatchLogs,CloudWatch Monitoring Metrics,Ensures metric filters are setup for CloudWatch logs to detect security risks from CloudTrail.,N/A,sa-east-1,OK,No CloudTrail trails found,CIS1: 3.0 Monitoring metrics are enabled
